time(s), accuracy, cross entropy
0.0, 0.764547, 0.745480
0.0, 0.764547, 0.741448
1.0, 0.764547, 0.737484
1.0, 0.764547, 0.733585
1.0, 0.764547, 0.729752
2.0, 0.764547, 0.725983
2.0, 0.764547, 0.722277
2.0, 0.764547, 0.718632
2.0, 0.764547, 0.715036
3.0, 0.764547, 0.711511
