time(s), accuracy
1.0, 0.756936
1.0, 0.756936
2.0, 0.756936
2.0, 0.756936
3.0, 0.756936
3.0, 0.756936
4.0, 0.756936
4.0, 0.756936
5.0, 0.756936
5.0, 0.756936
