time(s), accuracy
1.0, 0.746870
1.0, 0.746870
2.0, 0.746870
2.0, 0.746870
3.0, 0.746870
3.0, 0.746870
3.0, 0.746870
4.0, 0.746870
4.0, 0.746870
5.0, 0.746870
