time(s), accuracy
0.0, 0.746379
0.0, 0.746379
1.0, 0.746379
1.0, 0.746379
2.0, 0.746379
2.0, 0.746379
3.0, 0.746379
3.0, 0.746379
3.0, 0.746379
4.0, 0.746379
