time(s), accuracy
65.0, 0.560000
113.0, 0.537500
164.0, 0.615000
216.0, 0.615000
268.0, 0.622500
