time(s), accuracy
21.0, 0.189400
41.0, 0.260000
61.0, 0.298700
82.0, 0.344800
102.0, 0.371300
122.0, 0.398200
143.0, 0.407000
163.0, 0.415700
183.0, 0.427300
203.0, 0.428500
