time(s), accuracy
21.0, 0.084900
41.0, 0.158400
61.0, 0.237700
82.0, 0.332200
102.0, 0.395900
122.0, 0.418300
142.0, 0.436100
163.0, 0.449000
183.0, 0.447300
203.0, 0.468200
